{
    "name": "额外GET/POST参数爆破",
    "tags": [
        ""
    ],
    "help": "",
    "author": "",
    "module_file": "yak_mitm.yak",
    "params": [
        {
            "name": "ratio",
            "verbose": "页面相似度阈值",
            "description": "",
            "type": "float",
            "default_value": "0.98",
            "required": false,
            "group": ""
        },
        {
            "name": "url_keyword",
            "verbose": "扫描URL范围",
            "description": "",
            "type": "",
            "default_value": "",
            "required": false,
            "group": ""
        }
    ],
    "document": "document.md",
    "general_module_verbose": "",
    "general_module_key": "",
    "is_general_module": false
}